{
  "hash": "238cf640",
  "configHash": "c7016009",
  "lockfileHash": "ab8546ea",
  "browserHash": "8731445d",
  "optimized": {
    "@angular/animations": {
      "src": "../../../../../node_modules/@angular/animations/fesm2022/animations.mjs",
      "file": "@angular_animations.js",
      "fileHash": "9565176c",
      "needsInterop": false
    },
    "@angular/cdk/coercion": {
      "src": "../../../../../node_modules/@angular/cdk/fesm2022/coercion.mjs",
      "file": "@angular_cdk_coercion.js",
      "fileHash": "a9d03e01",
      "needsInterop": false
    },
    "@angular/cdk/layout": {
      "src": "../../../../../node_modules/@angular/cdk/fesm2022/layout.mjs",
      "file": "@angular_cdk_layout.js",
      "fileHash": "25c38487",
      "needsInterop": false
    },
    "@angular/cdk/overlay": {
      "src": "../../../../../node_modules/@angular/cdk/fesm2022/overlay.mjs",
      "file": "@angular_cdk_overlay.js",
      "fileHash": "979fab3b",
      "needsInterop": false
    },
    "@angular/cdk/platform": {
      "src": "../../../../../node_modules/@angular/cdk/fesm2022/platform.mjs",
      "file": "@angular_cdk_platform.js",
      "fileHash": "0131e543",
      "needsInterop": false
    },
    "@angular/cdk/portal": {
      "src": "../../../../../node_modules/@angular/cdk/fesm2022/portal.mjs",
      "file": "@angular_cdk_portal.js",
      "fileHash": "450c95ce",
      "needsInterop": false
    },
    "@angular/cdk/text-field": {
      "src": "../../../../../node_modules/@angular/cdk/fesm2022/text-field.mjs",
      "file": "@angular_cdk_text-field.js",
      "fileHash": "97ec9611",
      "needsInterop": false
    },
    "@angular/common": {
      "src": "../../../../../node_modules/@angular/common/fesm2022/common.mjs",
      "file": "@angular_common.js",
      "fileHash": "a7558b6a",
      "needsInterop": false
    },
    "@angular/common/http": {
      "src": "../../../../../node_modules/@angular/common/fesm2022/http.mjs",
      "file": "@angular_common_http.js",
      "fileHash": "3f19aedf",
      "needsInterop": false
    },
    "@angular/core": {
      "src": "../../../../../node_modules/@angular/core/fesm2022/core.mjs",
      "file": "@angular_core.js",
      "fileHash": "e760160f",
      "needsInterop": false
    },
    "@angular/forms": {
      "src": "../../../../../node_modules/@angular/forms/fesm2022/forms.mjs",
      "file": "@angular_forms.js",
      "fileHash": "31c2b410",
      "needsInterop": false
    },
    "@angular/material-luxon-adapter": {
      "src": "../../../../../node_modules/@angular/material-luxon-adapter/fesm2022/material-luxon-adapter.mjs",
      "file": "@angular_material-luxon-adapter.js",
      "fileHash": "8e17c92e",
      "needsInterop": false
    },
    "@angular/material/autocomplete": {
      "src": "../../../../../node_modules/@angular/material/fesm2022/autocomplete.mjs",
      "file": "@angular_material_autocomplete.js",
      "fileHash": "32467af8",
      "needsInterop": false
    },
    "@angular/material/button": {
      "src": "../../../../../node_modules/@angular/material/fesm2022/button.mjs",
      "file": "@angular_material_button.js",
      "fileHash": "ff8428d6",
      "needsInterop": false
    },
    "@angular/material/checkbox": {
      "src": "../../../../../node_modules/@angular/material/fesm2022/checkbox.mjs",
      "file": "@angular_material_checkbox.js",
      "fileHash": "7d6a8927",
      "needsInterop": false
    },
    "@angular/material/core": {
      "src": "../../../../../node_modules/@angular/material/fesm2022/core.mjs",
      "file": "@angular_material_core.js",
      "fileHash": "e0bcf885",
      "needsInterop": false
    },
    "@angular/material/dialog": {
      "src": "../../../../../node_modules/@angular/material/fesm2022/dialog.mjs",
      "file": "@angular_material_dialog.js",
      "fileHash": "770dbe4a",
      "needsInterop": false
    },
    "@angular/material/divider": {
      "src": "../../../../../node_modules/@angular/material/fesm2022/divider.mjs",
      "file": "@angular_material_divider.js",
      "fileHash": "74d78500",
      "needsInterop": false
    },
    "@angular/material/form-field": {
      "src": "../../../../../node_modules/@angular/material/fesm2022/form-field.mjs",
      "file": "@angular_material_form-field.js",
      "fileHash": "86bad347",
      "needsInterop": false
    },
    "@angular/material/icon": {
      "src": "../../../../../node_modules/@angular/material/fesm2022/icon.mjs",
      "file": "@angular_material_icon.js",
      "fileHash": "5241f4ae",
      "needsInterop": false
    },
    "@angular/material/input": {
      "src": "../../../../../node_modules/@angular/material/fesm2022/input.mjs",
      "file": "@angular_material_input.js",
      "fileHash": "39c6783e",
      "needsInterop": false
    },
    "@angular/material/menu": {
      "src": "../../../../../node_modules/@angular/material/fesm2022/menu.mjs",
      "file": "@angular_material_menu.js",
      "fileHash": "48a364bb",
      "needsInterop": false
    },
    "@angular/material/progress-bar": {
      "src": "../../../../../node_modules/@angular/material/fesm2022/progress-bar.mjs",
      "file": "@angular_material_progress-bar.js",
      "fileHash": "0788b70d",
      "needsInterop": false
    },
    "@angular/material/progress-spinner": {
      "src": "../../../../../node_modules/@angular/material/fesm2022/progress-spinner.mjs",
      "file": "@angular_material_progress-spinner.js",
      "fileHash": "6e677547",
      "needsInterop": false
    },
    "@angular/material/slide-toggle": {
      "src": "../../../../../node_modules/@angular/material/fesm2022/slide-toggle.mjs",
      "file": "@angular_material_slide-toggle.js",
      "fileHash": "e675cf01",
      "needsInterop": false
    },
    "@angular/material/tooltip": {
      "src": "../../../../../node_modules/@angular/material/fesm2022/tooltip.mjs",
      "file": "@angular_material_tooltip.js",
      "fileHash": "505db2ca",
      "needsInterop": false
    },
    "@angular/platform-browser": {
      "src": "../../../../../node_modules/@angular/platform-browser/fesm2022/platform-browser.mjs",
      "file": "@angular_platform-browser.js",
      "fileHash": "8b6c5c74",
      "needsInterop": false
    },
    "@angular/platform-browser/animations": {
      "src": "../../../../../node_modules/@angular/platform-browser/fesm2022/animations.mjs",
      "file": "@angular_platform-browser_animations.js",
      "fileHash": "10739833",
      "needsInterop": false
    },
    "@angular/router": {
      "src": "../../../../../node_modules/@angular/router/fesm2022/router.mjs",
      "file": "@angular_router.js",
      "fileHash": "97b39cc8",
      "needsInterop": false
    },
    "@ngneat/transloco": {
      "src": "../../../../../node_modules/@ngneat/transloco/fesm2022/ngneat-transloco.mjs",
      "file": "@ngneat_transloco.js",
      "fileHash": "6982ba41",
      "needsInterop": false
    },
    "crypto-js": {
      "src": "../../../../../node_modules/crypto-js/index.js",
      "file": "crypto-js.js",
      "fileHash": "93c8e9dc",
      "needsInterop": true
    },
    "crypto-js/enc-base64": {
      "src": "../../../../../node_modules/crypto-js/enc-base64.js",
      "file": "crypto-js_enc-base64.js",
      "fileHash": "4af851d0",
      "needsInterop": true
    },
    "crypto-js/enc-utf8": {
      "src": "../../../../../node_modules/crypto-js/enc-utf8.js",
      "file": "crypto-js_enc-utf8.js",
      "fileHash": "d6867976",
      "needsInterop": true
    },
    "crypto-js/hmac-sha256": {
      "src": "../../../../../node_modules/crypto-js/hmac-sha256.js",
      "file": "crypto-js_hmac-sha256.js",
      "fileHash": "3f099b35",
      "needsInterop": true
    },
    "lodash-es": {
      "src": "../../../../../node_modules/lodash-es/lodash.js",
      "file": "lodash-es.js",
      "fileHash": "3adcd602",
      "needsInterop": false
    },
    "luxon": {
      "src": "../../../../../node_modules/luxon/src/luxon.js",
      "file": "luxon.js",
      "fileHash": "19d4eec3",
      "needsInterop": false
    },
    "perfect-scrollbar": {
      "src": "../../../../../node_modules/perfect-scrollbar/dist/perfect-scrollbar.esm.js",
      "file": "perfect-scrollbar.js",
      "fileHash": "f74472e3",
      "needsInterop": false
    },
    "rxjs": {
      "src": "../../../../../node_modules/rxjs/dist/esm5/index.js",
      "file": "rxjs.js",
      "fileHash": "33ab398e",
      "needsInterop": false
    },
    "@angular/material/snack-bar": {
      "src": "../../../../../node_modules/@angular/material/fesm2022/snack-bar.mjs",
      "file": "@angular_material_snack-bar.js",
      "fileHash": "6b7297a7",
      "needsInterop": false
    },
    "@auth0/angular-jwt": {
      "src": "../../../../../node_modules/@auth0/angular-jwt/fesm2020/auth0-angular-jwt.mjs",
      "file": "@auth0_angular-jwt.js",
      "fileHash": "17bfdb56",
      "needsInterop": false
    }
  },
  "chunks": {
    "chunk-7YBBSYVQ": {
      "file": "chunk-7YBBSYVQ.js"
    },
    "chunk-PCKXQDXT": {
      "file": "chunk-PCKXQDXT.js"
    },
    "chunk-2ZQTKRV7": {
      "file": "chunk-2ZQTKRV7.js"
    },
    "chunk-HWPGQ24N": {
      "file": "chunk-HWPGQ24N.js"
    },
    "chunk-JGBS4GXX": {
      "file": "chunk-JGBS4GXX.js"
    },
    "chunk-OHHFJFKK": {
      "file": "chunk-OHHFJFKK.js"
    },
    "chunk-4NIMPIMQ": {
      "file": "chunk-4NIMPIMQ.js"
    },
    "chunk-M6SEXPN6": {
      "file": "chunk-M6SEXPN6.js"
    },
    "chunk-YGBN4JTW": {
      "file": "chunk-YGBN4JTW.js"
    },
    "chunk-PYJ6MNOR": {
      "file": "chunk-PYJ6MNOR.js"
    },
    "chunk-RLD5MNEL": {
      "file": "chunk-RLD5MNEL.js"
    },
    "chunk-XLRJ3JNW": {
      "file": "chunk-XLRJ3JNW.js"
    },
    "chunk-MPO6PQYP": {
      "file": "chunk-MPO6PQYP.js"
    },
    "chunk-HN7ZVCGL": {
      "file": "chunk-HN7ZVCGL.js"
    },
    "chunk-6XIA4OHK": {
      "file": "chunk-6XIA4OHK.js"
    },
    "chunk-PEDEQYNY": {
      "file": "chunk-PEDEQYNY.js"
    },
    "chunk-X2OMSDWJ": {
      "file": "chunk-X2OMSDWJ.js"
    },
    "chunk-JL7AZPIE": {
      "file": "chunk-JL7AZPIE.js"
    },
    "chunk-M4MUQ4C7": {
      "file": "chunk-M4MUQ4C7.js"
    },
    "chunk-MTLPE3W7": {
      "file": "chunk-MTLPE3W7.js"
    },
    "chunk-WSA2QMXP": {
      "file": "chunk-WSA2QMXP.js"
    },
    "chunk-X6JV76XL": {
      "file": "chunk-X6JV76XL.js"
    }
  }
}